id,formula,predicted,r2,exact_recovery,n_binary_ops,n_unary_ops,d_in,has_inv,has_div,has_log,has_sin,has_cos,ops
0,(17.5 add (x_1 mul ((-63.400000000000006 mul inv(((-0.847 mul cos((0.854 add (5.82 mul x_0)))) add (9.55 mul (inv((-0.974 add (9.18 mul x_1))) mul x_1))))) sub (-0.20400000000000001 mul inv(((56.30000,(((-0.559 mul inv((-0.08560000000000001 add (-0.192 mul abs((0.8360000000000001 add (-9.93 mul cos(((60.1 add (3.44 mul (7.105427357601002e-17 add (1.0 mul x_0)))) add (-0.8390000000000001 add (-0.095,0.014356752961316,0,16,4,2,1,0,0,0,1,"add,cos,inv,mul,sub"
1,(-2.29 add ((70.2 mul x_1) add (-2.88 mul (((0.154 mul (((-7.44 add (80.10000000000001 mul x_0)))**2 mul x_0)) sub (-0.719 mul inv((-4.92 add (-0.6940000000000001 mul x_0))))))**2))),((0.0040999999999999995 add (0.301 mul (((-0.07 add (5.26 mul (7.105427357601002e-17 add (1.0 mul x_0)))) mul ((4.97 add (-0.021500000000000002 mul (7.105427357601002e-17 add (1.0 mul x_0)))) add (0.0,0.9995723210264188,0,12,3,2,1,0,0,0,0,"add,inv,mul,pow2,sub"
2,(9.790000000000001 add (0.637 mul (x_1 mul x_0))),(((-0.879 mul (1.4210854715202006e-16 add (1.0000000000000002 mul x_1))) mul (0.00153 add (-0.7210000000000001 mul (1.0658141036401506e-16 add (1.0000000000000004 mul x_0))))) add (9.86 add (-0.046200,0.999966257893926,0,3,0,2,0,0,0,0,0,"add,mul"
3,(-9.700000000000001 add (x_1 mul (((-0.925 mul x_1) add (-0.9450000000000001 mul abs((0.998 add (6.09 mul x_0))))))**3)),(((0.027800000000000002 mul (-3.090860900556435e-15 add (0.9999999999999998 mul x_1))) mul ((-3.71 add (0.07930000000000001 mul (2.8155255904493973e-15 add (1.0000000000000002 mul x_0)))) sub (-0.4870,0.9983418147021297,0,7,2,2,0,0,0,0,0,"abs,add,mul,pow3"
4,(-45.800000000000004 add ((-78.10000000000001 mul ((x_0 mul (x_1 mul x_0)) mul (x_0 mul x_0))) add (0.5 mul x_0))),(((-0.00276 mul (5.684341886080802e-16 add (1.0 mul x_1))) mul (-0.6960000000000001 add (0.08810000000000001 mul ((((-0.0003 add (0.93 mul ((0.01 add (-24.7 mul (-0.0 add (1.0000000000000002 mul x_0)),0.9999959782006262,0,8,0,2,0,0,0,0,0,"add,mul"
