id,formula,ops,destroi_acc,blocked,r2_trans,r2_comb,delta_r2,pred_trans,pred_comb,top_op,n_ops,has_inv,has_log,has_sin,has_sqrt,mul_unary_pair
0,"sin(mul(mul(log(X0),log(X1)),log(X1)))","log,mul,sin",0.8333333333333334,"add,inv",-0.6820581838950883,-0.7772978418214544,-0.09523965792636613,(0.0046099999999999995 add (1.02 mul sin((-0.0762 add (-3.16 mul exp((-2.3000000000000003 add (-2.31 mul cos(((1.25 add ,((0.101 add (-0.0815 mul inv(((((0.47900000000000004 add (0.0892282800614043 add (0.175289540173106 mul x_1))) add (9.92,sin,3,0,1,1,0,0
1,log(sin(X1)),"log,sin",0.6666666666666666,"inv,sqrt",-0.3032926627197692,-0.29433536735491206,0.00895729536485712,((0.00963 add (0.00665 mul inv((-5.04 mul (0.014157883253602975 add (0.1745200019813794 mul x_0)))))) add ((-0.007639999,((0.050300000000000004 add (-9.39 mul sin((-0.0183 add (0.062400000000000004 mul abs(((1.3 add (-0.0403 mul inv((60.5 ad,log,2,0,1,1,0,0
2,"add(sin(X1),sin(X0))","add,sin",0.8333333333333334,"log,mul,sqrt",-0.5442494625682104,-0.22362534281873825,0.32062411974947214,((0.020800000000000003 add (0.0158 mul sin(((-6.8500000000000005 add (-4.69 mul (-0.09123107564685867 add (0.17030322115,((0.0005 add (0.8470000000000001 mul sin((0.112 add (4.57 mul (-0.04300984310372394 add (0.18694300809218228 mul x_0)))),add,2,0,0,1,0,0
